-- phpMyAdmin SQL Dump
-- version 5.2.1
-- https://www.phpmyadmin.net/
--
-- Host: 127.0.0.1
-- Tempo de geração: 30/11/2023 às 01:31
-- Versão do servidor: 10.4.28-MariaDB
-- Versão do PHP: 8.2.4

SET SQL_MODE = "NO_AUTO_VALUE_ON_ZERO";
START TRANSACTION;
SET time_zone = "+00:00";


/*!40101 SET @OLD_CHARACTER_SET_CLIENT=@@CHARACTER_SET_CLIENT */;
/*!40101 SET @OLD_CHARACTER_SET_RESULTS=@@CHARACTER_SET_RESULTS */;
/*!40101 SET @OLD_COLLATION_CONNECTION=@@COLLATION_CONNECTION */;
/*!40101 SET NAMES utf8mb4 */;

--
-- Banco de dados: `atrasometrox`
--

-- --------------------------------------------------------

--
-- Estrutura para tabela `alunos`
--

CREATE TABLE `alunos` (
  `id_aluno` int(11) NOT NULL,
  `matricula` varchar(20) NOT NULL,
  `nomealuno` varchar(200) NOT NULL,
  `cursoaluno` int(100) NOT NULL
) ENGINE=InnoDB DEFAULT CHARSET=utf8mb4 COLLATE=utf8mb4_general_ci;

--
-- Despejando dados para a tabela `alunos`
--

INSERT INTO `alunos` (`id_aluno`, `matricula`, `nomealuno`, `cursoaluno`) VALUES
(1, '4545597300', 'ALLAN HOFFMANN TROMBIM', 1),
(2, '4550459106', 'ANA JÚLIA INGRACIA VIANA', 1),
(3, '4543791761', 'ARTUR RECALCATTI BORDIGNON', 1),
(4, '4550418000', 'DAVI DE SOUZA DE CARVALHO', 1),
(5, '4540390502', 'DAVI STEINER FREITAS', 1),
(6, '4540157808', 'FERNANDO NUNES DE AGUIAR', 1),
(7, '4550439776', 'GABRIEL DA COSTA ANACLETO', 1),
(8, '4545848990', 'GUILHERME TEIXEIRA CARDOSO', 1),
(9, '4547898439', 'GUSTAVO SCARABELOT DOS SANTOS', 1),
(10, '4544810255', 'HACHEMI HAFYANE', 1),
(11, '4545843076', 'HENRIQUE MACHADO DE SOUZA', 1),
(12, '4501953798', 'IGOR ANTUNES CUSTODIO', 1),
(13, '4550416121', 'ISADORA ARAUJO ROCHA', 1),
(14, '4546012690', 'JOAO MIGUEL MAIA SANTOS', 1),
(15, '4540001859', 'JOAO VICTOR SERAFIM TOMAZ', 1),
(16, '4542718998', 'JOAO VITOR DE SOUZA RODRIGUES', 1),
(17, '4550417020', 'JORGE HENRIQUE DE SOUZA CARDOSO', 1),
(18, '4545842452', 'KEVIN GIRELLI', 1),
(19, '4543705660', 'LEONARDO DE MELOS DAITX', 1),
(20, '4546897579', 'LETICIA DA ROSA JUVENCIO', 1),
(21, '4550440316', 'MARIA CRISTINA TERNUS', 1),
(22, '4545742601', 'MATEUS MARTINS BOAROLI', 1),
(23, '4501951400', 'MATHEUS DOMINGOS MARANGONI', 1),
(24, '4550418442', 'MICAELLA EUGENIO DALMOLIM', 1),
(25, '4550426798', 'PEDRO HENRIQUE DE SOUZA RIBEIRO', 1),
(26, '4550416210', 'PEDRO VITOR MARCOLINO IRMAO', 1),
(27, '4550416997', 'RAFAEL COELHO DE SOUZA', 1),
(28, '4550781105', 'VITÓRIA DE ASSUNÇÃO DE MEDEIROS', 1),
(29, '4547902568', 'ZAYMA KINSIONA', 1),
(30, '4550417233', 'ADRIEL INACIO CARDOSO', 2),
(31, '4550726619', 'ADRIELE DE OLIVEIRA STANO BRESSAN', 2),
(32, '4550937881', 'ALBANO DA SILVA LIMA', 2),
(33, '4550417837', 'ALESSANDRO DE JESUS DE SÁ', 2),
(34, '4550418680', 'ALESSANDRO TRAMONTIN FRIGO', 2),
(35, '4540189149', 'ANA CAROLINA MARIANO DO ROSARIO', 2),
(36, '4545826899', 'ANA JULIA DE SOUZA ALANO', 2),
(37, '4550419279', 'ANDREI MARQUES DIAS', 2),
(38, '4545465101', 'ANTONIO GABRIEL FERREIRA ZANETTE', 2),
(39, '4550639457', 'BIANCA MICHELS DA SILVA', 2),
(40, '4550423314', 'BRAYAN ALVES CARDOSO', 2),
(41, '4540007172', 'BRUNO DA SILVA MARTINS', 2),
(42, '4550419430', 'CARLOS ZEFERINO BUTTNER', 2),
(43, '4540007156', 'CAUAN MANENTI', 2),
(44, '4550417497', 'DAVI MACHADO TOMAZ', 2),
(45, '4541264934', 'EMILI CECCONI PARANAGUÁ', 2),
(46, '4550420935', 'ERIK ZILLI', 2),
(47, '4545711781', 'GABRIEL MARTINS MEDEIROS', 2),
(48, '4550420510', 'GUSTAVO DE REZENDE BIAVA', 2),
(49, '4545837084', 'HIGOR WARMLING CAVANHOLI', 2),
(50, '4550421079', 'IVAN RONSANI DA SILVA', 2),
(51, '4501547102', 'JHONATA RODRIGUES MATTOS', 2),
(52, '4550439121', 'JOÃO VITOR DA SILVA MIGUEL', 2),
(53, '4501971694', 'KAUA DOS SANTOS DE SOUZA', 2),
(54, '4543242610', 'KAUAN DA SILVA ALEXANDRE', 2),
(55, '4550420692', 'KAUANE TERRA LUCAS', 2),
(56, '4550420587', 'KEVIN DE MORAIS SPRÍCIGO', 2),
(57, '4546039122', 'LEONARDO MATIAS MACHADO', 2),
(58, '4545726207', 'LUCAS ADRIANO DA COSTA', 2),
(59, '4550421249', 'MAURICIO NASCIMENTO MENDES', 2),
(60, '4543242300', 'NICHOLAS VENDRAME FABRE', 2),
(61, '4544306549', 'NICOLAS FORMIGONI DE SOUZA', 2),
(62, '4550419295', 'PEDRO HENRIQUE MORAES DA SILVA', 2),
(63, '4545633349', 'REGIS COSTA PEDRO', 2),
(64, '4550474857', 'SAMUEL FRAGA NUNES', 2),
(65, '4545684261', 'SARA DA SILVA VIEIRA', 2),
(66, '4540187057', 'SUIANE ROSA HENRIQUE', 2),
(67, '4542384208', 'TIAGO GABRIEL PEREIRA TEIXEIRA', 2),
(68, '4544562251', 'ARTUR DA ROSA BRISTOT', 3),
(69, '4540732616', 'BEATRIZ DE ASSUNCAO ELIAS', 3),
(70, '4550423420', 'DAVI JACINTO DE SOUZA', 3),
(71, '4550427468', 'EDUARDO CUSTÓDIA ORTOLAN', 3),
(72, '4550465688', 'EDUARDO DOS SANTOS GOULART', 3),
(73, '4550423870', 'ELIEZER QUEMUEL GOMES CLAUDINO', 3),
(74, '4550416326', 'ERICA ROCHA MARTINS RODRIGUES', 3),
(75, '4542790818', 'FABRÍCIO ALDIVINO ALMEIDA', 3),
(76, '4501956673', 'FELIPE ROSSETTO DA SILVA', 3),
(77, '4550449003', 'FILIPE SILVA SALVADOR', 3),
(78, '4550425201', 'GABRIEL DOS SANTOS JULIO', 3),
(79, '4545458466', 'GABRIEL SERAFIM NART', 3),
(80, '4545827372', 'GABRIELA DELFINO CORRÊA', 3),
(81, '4501536259', 'GABRIELA FERNANDES SANTANA', 3),
(82, '4547657202', 'GUILHERME FRANCISCO FERNANDES DE SOUZA', 3),
(83, '4550829027', 'GUSTAVO FREITAS BELEGANTE', 3),
(84, '4548684777', 'GUSTAVO TOPANOTTI FERNANDES FELIPE', 3),
(85, '4545842800', 'HENRIQUE FREITAS GONÇALVES', 3),
(86, '4550101856', 'JOÃO LUCAS MONTEIRO PANTALEÃO', 3),
(87, '4501745060', 'JOAO PEDRO FREITAS PONCIANO', 3),
(88, '4543783815', 'JOÃO VITOR BIANCHINI DOS PASSOS', 3),
(89, '4501955880', 'JOAO VITOR MARTINS', 3),
(90, '4550422830', 'JONATAN DA SILVA LOURENÇO', 3),
(91, '4549156600', 'LIANDER DE ALMEIDA NUNES', 3),
(92, '4550422091', 'LUCAS DE AGUIAR CUNHASKI', 3),
(93, '4543269208', 'MARCELO DOS SANTOS SCHULER', 3),
(94, '4500683355', 'MARCOS ANDRE NASCIMENTO BATISTA CRUZ', 3),
(95, '4501956142', 'MARIA EDUARDA DOS PASSOS REBELLO', 3),
(96, '4550427450', 'MICAELI ESPINDOLA DE ARAUJO', 3),
(97, '4550427646', 'RAFAEL AUGUSTO TEIXEIRA RODRIGUES', 3),
(98, '4550424272', 'WESLLEY THIAGO DE MORAES DA COSTA', 3),
(99, '4501704178', 'CAIO DA SILVA FERNANDES', 4),
(100, '4550427484', 'CAIO DEOLINDO', 4),
(101, '4541964804', 'CAMILLA LUCIETTI', 4),
(102, '4549780869', 'CECILIA HORACIO RUFINO', 4),
(103, '4501825714', 'CHAUAN DA SILVA DE VILLA', 4),
(104, '4550432534', 'DJENIFER DE SOUZA DE ALMEIDA', 4),
(105, '4550456441', 'EDER CAMPOS ANDRÉ', 4),
(106, '4551464120', 'EDUARDO SIEGLITZ DA SILVEIRA', 4),
(107, '4540045937', 'EDUARDO SILVEIRA FRIGO', 4),
(108, '4540683739', 'EMYLI GHEDIN', 4),
(109, '4501527365', 'ENZO DE SOUZA HINGST', 4),
(110, '4541586532', 'ESTER SCHMOELLER FIGUEIREDO', 4),
(111, '4541452889', 'GABRIEL BERNARDO CORREA', 4),
(112, '4550997230', 'GIOVANA ZANONI CESARIO DA SILVA', 4),
(113, '4550727356', 'GUILHERME DE FRAGA VENANCIO', 4),
(114, '4550443587', 'GUILHERME DOS SANTOS DE FARIAS', 4),
(115, '4544076004', 'JACSON DA PAIXÃO ANTUNES', 4),
(116, '4550439237', 'JOÃO VICTOR SZYNDROWSKI DA SILVA', 4),
(117, '4550998325', 'JOÃO VITOR FACHIN SALVADOR', 4),
(118, '4541495995', 'JONATAS LUIZ EVANGELISTA DA COSTA', 4),
(119, '4542742830', 'LEONARDO RIBEIRO KULKAMP', 4),
(120, '4545449947', 'LUCA SALVADEGO', 4),
(121, '4540186654', 'MARCOS VINICIUS VALMARATI SORATO', 4),
(122, '4545591590', 'MATEUS WESLER MARTINS', 4),
(123, '4501956584', 'OTTO SIMAO WELINSKI RIGOBELLO', 4),
(124, '4550439580', 'SIMEI DE SOUZA MONDARDO', 4),
(125, '4540095748', 'VITOR BERNARDINO AMARAL', 4),
(126, '4545811972', 'VITORIA ALVES ZANELLATO', 4),
(127, '4548706592', 'VITORIA EMANUELA DE COSTA RAMOS', 4),
(128, '4550418108', 'YASMIN MENDONÇA', 4),
(129, '4544727498', 'YURI SANTOS GACHO', 4),
(130, '4549091095', 'ARTHUR TEIXEIRA SERAFIM', 5),
(131, '4549091605', 'ARTUR DOS SANTOS CARVALHO', 5),
(132, '4501071809', 'BRUNO GARCIA BETTIOL', 5),
(133, '4501335296', 'CAETANO CORDOVA DA SILVA', 5),
(134, '4549091117', 'CALEBE ARLAN SOUZA DA SILVA', 5),
(135, '4548532365', 'EMANUEL DE SOUZA FERRAZ', 5),
(136, '4549091044', 'GABRIEL DE OLIVEIRA', 5),
(137, '4549091052', 'GABRIEL DOS SANTOS VICENTE DA SILVA', 5),
(138, '4544477394', 'GIOVANE MARTINELLO EYNG', 5),
(139, '701963638', 'GUSTAVO FRANCISCO MACEDO', 5),
(140, '4549090820', 'GUSTAVO GONCALVES DOS SANTOS', 5),
(141, '4549090862', 'HENRIQUE ANDRE DE SOUZA', 5),
(142, '4500653790', 'HENRIQUE DA SILVA RONZANI', 5),
(143, '4544749343', 'ISABELA PATRICIO DE JESUS', 5),
(144, '4549091354', 'ISABELLE LUIZ FELTRIN', 5),
(145, '4544583720', 'JOYCE CAMPOS LAURINDO', 5),
(146, '4544559978', 'KAUAN ROCHA DE JESUS', 5),
(147, '4549091281', 'KEROLLYN CLEZAR MONTEIRO', 5),
(148, '1001428460', 'MARCO ANTONIO SOUZA ORTEGA DE MEDEIROS', 5),
(149, '4549084935', 'MARIA EDUARDA LOCK PEREIRA', 5),
(150, '4549100060', 'MARIA LAURA DE LUCCA', 5),
(151, '4540860444', 'MARIA RITA GONÇALVES DE OLIVEIRA', 5),
(152, '4500715222', 'MARIA VITORIA RIOS MACHADO', 5),
(153, '4546082478', 'NEEMIAS DOS SANTOS PORTO', 5),
(154, '4549637217', 'NICOLE DOS SANTOS VOLKWEIS', 5),
(155, '4549091168', 'PAULINO ACACIO VIEIRA JUNIOR', 5),
(156, '4549091150', 'PEDRO BELLARMINO CARDOSO', 5),
(157, '4500970516', 'VALTER ROESSLE DE VASCONCELOS', 5),
(158, '4543030981', 'VITOR DA ROSA DE OLIVEIRA', 5),
(159, '4541621168', 'VITÓRIO GABRIEL ZANELATTO FERNANDES', 5),
(160, '4500610315', 'WINÍCIUS ANTONELLO', 5),
(161, '4501319088', 'YAGO STOFFEL DE COSTA', 5),
(162, '4549091079', 'ANA FLAVIA GHEDIN ROSSO', 6),
(163, '4546488849', 'ARTHUR FELTRIN GAVA', 6),
(165, '4544574888', 'BIANCA ZANETTE RONCONI', 6),
(166, '4549621108', 'BRUNO MONTEIRO BONIFACIO', 6),
(167, '4544584620', 'CAIO FERRAREZI DIAS', 6),
(168, '4549071981', 'CAROLINA NONNENMACHER STANGE', 6),
(169, '4549077289', 'DIOGENES RAFAEL GOMES', 6),
(170, '4549994842', 'DIOGO JOÃO LOBO', 6),
(171, '4549079575', 'ERICK DA SILVA AURELIO', 6),
(172, '4544463610', 'FERNANDO FERNANDES DE FARIAS', 6),
(173, '4549091028', 'GABRIEL COSTA GUETNER', 6),
(174, '4544583496', 'GABRIELA DE SOUZA FRATONI', 6),
(175, '4549091257', 'GUILHERME POLA DE JESUS', 6),
(176, '4549091338', 'GUILHERME RABELLO CARRER', 6),
(177, '4549087349', 'HEMANUEL EMIDIO DE OLIVEIRA', 6),
(178, '4547936195', 'JEAN VITOR VIEIRA', 6),
(179, '4549091680', 'JHONI CAUAN FREITAS ELIAS', 6),
(180, '4549079648', 'JOÃO CARLOS RODRIGUES GOMES JUNIOR', 6),
(181, '4501484992', 'JOAO LUIS MACHADO RICKEN', 6),
(182, '4549091443', 'JOAO RAFAEL MEDEIROS MIGUEL', 6),
(183, '4549091346', 'KAUA DA SILVA TEIXEIRA', 6),
(184, '4547317088', 'KAUAN CUSTODIO PROPODOSKI', 6),
(185, '4500460321', 'LEONARDO DA SILVA JOAQUIM', 6),
(186, '4540294333', 'LUIS FILIPE DAMIANI COLOMBO', 6),
(187, '4544557142', 'LUIZ ANDRE GOMES RONCHI', 6),
(188, '4549084625', 'LUIZ FELIPE PIGNATEL', 6),
(189, '4549091184', 'MARIA LUIZA ABREU GONCALVES', 6),
(190, '4544264897', 'MATEUS SALLES MELO', 6),
(191, '4549091591', 'MIGUEL NILO ROSA', 6),
(192, '4549095082', 'NAIRAN DE SOUZA COSTA', 6),
(193, '4540291261', 'NATHAN ROCHA GOMES', 6),
(194, '4542380911', 'NICOLAS MARTINS DA SILVA', 6),
(195, '4500643566', 'NICOLLY MARQUES MARIANO', 6),
(196, '4549091311', 'PEDRO HENRIQUE NETTO FLORIANO', 6),
(197, '4549087519', 'RICK FERNANDES PADILHA', 6),
(198, '4500654789', 'THIAGO DE MOLINER COLOMBO', 6),
(199, '4549091648', 'TIAGO RAMOS AGUIAR', 6),
(200, '4549091508', 'VITOR DA SILVA DE FREITAS ADAO', 6),
(201, '4549091133', 'AGNES PINHEIRO PEREIRA', 7),
(202, '4549091109', 'AUGUSTO RAICHASKI', 7),
(203, '4501018010', 'BRUNO MIGUEL FERNANDES PHILIPPI', 7),
(204, '4544571790', 'DIOGO MARTINS DA ROSA', 7),
(205, '4543585282', 'FILIPE DE JESUS CRISPIM TEIXEIRA', 7),
(206, '4541424990', 'GABRIEL FILLIPE CASAGRANDE FERNANDES', 7),
(207, '4546272269', 'GABRIEL PEREIRA SALVADOR', 7),
(208, '4540326669', 'GABRIEL RODRIGUES VIEIRA', 7),
(209, '4544702177', 'GABRIEL SUMARA FORTUNA', 7),
(210, '1100237523', 'GIOVANNA JACINTO HENRIQUE', 7),
(211, '4549084056', 'GUILHERME RODRIGUES LOPES', 7),
(212, '4549090846', 'GUSTAVO RAICHASKI', 7),
(213, '4500940684', 'IRRUAN RODRIGUES SANTIAGO', 7),
(214, '4549090927', 'JOAO GABRIEL PAGNUSSATI', 7),
(215, '4549091567', 'LAIS KAMINSKI CASAGRANDE', 7),
(216, '4549091265', 'LEONARDO DE OLIVEIRA DALPONTE', 7),
(217, '4549091214', 'LINDSLEY MARCOS GUIMARAES COELHO SCUSSEL', 7),
(218, '4500460461', 'LUCAS LESSA ANACLETO', 7),
(219, '4543872150', 'LUCAS PIZONI FLORES', 7),
(220, '4543590790', 'LUCAS RAMOS PENE DOS SANTOS', 7),
(221, '4544293676', 'MAINE CALABREZI DE SOUZA', 7),
(222, '4500523838', 'MATEUS BURIGO ARAMBURU', 7),
(223, '4541912375', 'RICARDO HENRIQUE DAGOSTIM ALBANO', 7),
(224, '4549091494', 'VINICIUS DE ARAUJO GOULART', 7),
(225, '4500527051', 'VITOR AUGUSTO MUNHOS HESSEL', 7),
(226, '4549091621', 'VITORIA JOICE ALEXANDRE', 7),
(227, '4549091141', 'ANA COSTA', 8),
(228, '4543257242', 'ANDREI DA ROSA', 8),
(229, '1101098268', 'BERNARDO SANTOS DA SILVA', 8),
(230, '4543915533', 'DAVI DEROSSI LUZ', 8),
(231, '4549478810', 'DAVI MARCILIO BURATO', 8),
(232, '4544996286', 'ELYESER GABRIAN OLIVEIRA NUNES', 8),
(233, '4501373066', 'GABRIEL ANTONIO CERVELIN CANDIDO', 8),
(234, '4549091001', 'GABRIEL ANTUNES RABELLO', 8),
(235, '4501099207', 'GABRIEL DELFINO MORAES', 8),
(236, '4544723590', 'GABRIEL SAVIO PEREIRA', 8),
(237, '4549091060', 'GIOVANA ALVES DE OLIVEIRA', 8),
(238, '4540487735', 'HIAGO MACHADO DE SOUZA', 8),
(239, '4549090447', 'ISAAC ALEXSANDER PEREIRA PESSOA', 8),
(240, '4549085710', 'ISABELI SANTIAGO DE SOUZA', 8),
(241, '4501392958', 'JOAO VITOR HARDT MONTEIRO', 8),
(242, '4544435420', 'JOSUE RAMOS DA ROSA', 8),
(243, '4544829053', 'KAUAN PAIANO ROSSA', 8),
(244, '4549091222', 'LETICIA VOCIEKOSKI DOS SANTOS', 8),
(245, '4549079621', 'LUCAS DE BITHENCOURT FLORÊNCIO', 8),
(246, '4544698927', 'LUIZ GUSTAVO NUNES NAPOLEAO', 8),
(247, '4549084285', 'MARIA CLARA PLACIDO MAGAGNIN', 8),
(248, '4549091532', 'MARIA EDUARDA DA SILVA DE SOUZA', 8),
(249, '4544534215', 'NIKOLAS STAHLER PRA', 8),
(250, '4544561441', 'PEDRO HENRIQUE CORREA RONCHI', 8),
(251, '4540500782', 'RAFAELA DE MORAES PAGANINI', 8),
(252, '4549087527', 'RAISSA FELISBERTO LIMAS', 8),
(253, '4549079702', 'VINICIUS FELISBERTO VALVASSORI', 8),
(282, '549260580', 'AGNES GRASSI FELICIANO 4', 12),
(283, '551849072', 'ALISSON DE COSTA FERNANDES 4', 12),
(284, '552135006', 'ANA CAROLINA SANTANA FORGIARINI 4', 12),
(285, '547607701', 'ANA CLARA DO NASCIMENTO	4', 12),
(286, '548973701', 'ANA GABRIELLY VIEIRA CUNHA 4', 12),
(287, '551851468', 'ANA LARISSA DOS SANTOS FREGULIA 4', 12),
(288, '545201074', 'ARTHUR GABRIEL GIOVANELLA 4', 12),
(289, '552114254', 'ARTUR TORRES RAMOS CACHOEIRA 4', 12),
(290, '551847517', 'DANIELE SILVEIRA BORBA 4', 12),
(291, '544894670', 'EDUARDA SANTOS DA SILVA 4', 12),
(292, '548681786', 'EMILLY VITÓRIA PACHECO DE PAULA	4', 12),
(293, '551844909', 'ENZO FREITAS TRICHES 4', 12),
(294, '552062270', 'FERNANDA LINO SMANIA 4', 12),
(295, '551856869', 'FRANK RINALDO FIGUEIRA DE SOUZA JUNIOR 4', 12),
(296, '540937285', 'GABRIEL CASTRO ALVES 4', 12),
(297, '544966085', 'GABRIEL FELIPE DA SILVEIRA 4', 12),
(298, '552246320', 'GABRIELA APARECIDA TEIXEIRA 4', 12),
(299, '552068740', 'GABRIELLE ZUCHINALI BORDINI 4', 12),
(300, '547044090', 'GEOVANA MARGOTTI DE OLIVEIRA 4', 12),
(301, '551857318', 'ISABELE JACQUES MENDES	4', 12),
(302, '551843651', 'JOAO VITOR DREISCHARF DE JESUS 4', 12),
(303, '551843457', 'JOAQUIM CORRÊA GONZAGA	4', 12),
(304, '551849560', 'JÚLIO CÉSAR DA SILVA GONÇALVES 4', 12),
(305, '552175300', 'KAUANA VIEIRA TAVARES 4', 12),
(306, '551857008', 'LARISSA CAMILLO DA SILVA 4', 12),
(307, '546578414', 'LETÍCIA FERNANDES VIANA 4', 12),
(308, '540884785', 'LETICIA PIAZZA CESARIO 4', 12),
(309, '551855420', 'LUCAS FLORES MARCELO APOLINARIO 4', 12),
(310, '552065695', 'MARIA CLARA DA SILVA MILITAO 4', 12),
(311, '541416718', 'MARIA VITORIA FERNANDES BARREIROS DE FARIAS 4', 12),
(312, '552150943', 'MARLON VIEIRA ELIAS 4', 12),
(313, '552497269', 'MURILO COLOMBO PLÁCIDO 4', 12),
(314, '551856559', 'NÍCOLAS DEL PRIORE MARQUES 4', 12),
(315, '546748166', 'NICOLE BARBOSA MENON 4', 12),
(316, '547044910', 'NICOLY LOPES DE ALMEIDA 4', 12),
(317, '549696736', 'PIETRA MARTARELLO MARIA	4', 12),
(318, '550932391', 'REBECA VITORIA VINCOLETTO 4', 12),
(319, '552071091', 'RUTH SANTOS MARQUES 4', 12),
(320, '547173094', 'STELA DA ROSA DEMETRIO 4', 12),
(321, '551850070', 'TAYNÁ ROSSO CARDOSO 4', 12),
(322, '501810695', 'VITORIA DA SILVA DAMASIO 4', 12),
(324, '4541284480', 'ANA CAROLINY DA ROSA DE SOUZA', 13),
(325, '4551951020', 'ANA ESTER LIMAS GERALDO', 13),
(326, '4552085998', 'ANA LUIZA SAUTIRO DE JESUS', 13),
(327, '4552171401', 'ANABELI DAL MOLIN ALVES', 13),
(328, '4552122826', 'AYLLA CRISTINY MACHADO VIEIRA', 13),
(329, '4540859292', 'CARLOS EDUARDO SERAFIM GERALDO', 13),
(330, '4552120068', 'CRISTIAN RODRIGUES ROCHA', 13),
(331, '4542569690', 'ERIC LAEL CARVALHO BOCALON', 13),
(332, '4540708707', 'EVELIM TROMBIN', 13),
(333, '4552079653', 'FERNANDA FORMENTIN SAUTIRO', 13),
(334, '4552076778', 'GABRIEL DE ARAUJO BORGES', 13),
(335, '4552153110', 'GABRIELE MEDEIROS FELICIANO', 13),
(336, '4552075330', 'GUSTAVO DE ARAUJO BORGES', 13),
(337, '4541367580', 'ISABELLY ERBE CAMARGO', 13),
(338, '4541270063', 'ISADORA COELHO SBARDELOTO', 13),
(339, '4547364256', 'ISADORA RABELO CELSO', 13),
(340, '4552073752', 'JOÃO FILIPE FERNANDES CORRÊA', 13),
(341, '4552088814', 'JOÃO GABRIEL MÖLLER DE OLIVEIRA', 13),
(342, '4540801979', 'JOAO PEDRO ABATTI TOMAZ', 13),
(343, '4552117075', 'JÚLIA BARCELOS CARDOSO', 13),
(344, '4541075082', 'KAUANI RIBEIRO MACHADO', 13),
(345, '4552277579', 'LAÍS DAMAZIO RODRIGUES', 13),
(346, '4552180273', 'LARISSA FERRARINI FERRAREZI', 13),
(347, '4541842563', 'LARISSA JOSE DA SILVA', 13),
(348, '4552083979', 'LARISSA MARTINS CARVALHO', 13),
(349, '4552080767', 'LARISSA SANGALETTI ELIAS', 13),
(350, '4545575306', 'LETICIA DA LUZ RAMOS', 13),
(351, '4551861951', 'LETICIA DAMAZIO DE MELLO', 13),
(352, '4552093427', 'LETICIA SCHILING DE CAMPOS', 13),
(353, '4552107282', 'LÍVIA ELEUTERIO PAGANI', 13),
(354, '4546944046', 'LUANA BORDINGNON DOS SANTOS', 13),
(355, '4546817389', 'MARIA EDUARDA ANTUNES DE ANDRADE', 13),
(356, '4542388300', 'MARIA EDUARDA DE SOUZA PADILHA', 13),
(357, '4552163492', 'MARIA JULIA HONORIO VIEIRA', 13),
(358, '4552144900', 'MATEUS DA SILVA MARCELO', 13),
(359, '4541007354', 'NATALIA JULIAN DA LUZ DOS SANTOS', 13),
(360, '4551858276', 'NATÁLIA SIMÃO MOTA', 13),
(361, '4552144951', 'RAFAEL DA SILVA MARCELO', 13),
(362, '4551848980', 'RAFAELA PERARO DE SOUZA', 13),
(363, '4551952302', 'RAFAELA TERRA LUCAS', 13),
(364, '4551846090', 'SARA NAIR DA SILVA GERALDO', 13),
(365, '4552102442', 'SARAH LAYANE SUZIN', 13),
(366, '4540581200', 'TAIS RODRIGUES GENUINO DA SILVA', 13),
(367, '543138901', 'TALIA FRANCISCO POTRIKUS	4', 13),
(369, '4547446015', 'ADRIEL ZAITZ DA COSTA', 14),
(370, '4544822253', 'ÁGHATA LUCIANA MARQUES AVILA', 14),
(371, '4552135421', 'AMANDA MORAES MENDES', 14),
(372, '4545505537', 'ANA VITORIA SPILERE SILVEIRA', 14),
(373, '4552119175', 'ARTHUR FRASSON FARIAS', 14),
(374, '4547380324', 'CAMILLY DE MELLO DAS NEVES', 14),
(375, '4552105794', 'CLARA DE BONA SARTOR', 14),
(376, '4547651484', 'EDUARDO CAMARGO DILLENBURG', 14),
(377, '4501964153', 'FILIPE MATEUS SEBERINO HONORATO', 14),
(378, '4544730154', 'FLAVIA MIRANDA GASQUEL GOMES', 14),
(379, '4543500570', 'GABRIEL DA SILVA LUTZ', 14),
(380, '4551854718', 'GABRIELA DE OLIVEIRA MARQUES', 14),
(381, '4501805144', 'GABRIELLI AMANDA BERTOLLO', 14),
(382, '4546950674', 'HELEN EMILYN DA SILVA', 14),
(383, '4549493690', 'HEMILLI CORREA CORDEIRO DE OLIVEIRA', 14),
(384, '4548417914', 'JOANNA POSSAMAI NAPOLEAO', 14),
(385, '4544281023', 'JULIA CATARINA JUSTINO', 14),
(386, '4541072253', 'KAIANE RAFAEL DE SOUZA', 14),
(387, '4546034627', 'KAUA JOAQUIM MARTINS', 14),
(388, '4546694805', 'LEANDRA CARVALHO DA SILVA DE SOUZA', 14),
(389, '4546797469', 'LETICIA DE BONA SCARPARI', 14),
(390, '4552066292', 'LETÍCIA MACHADO DA ROSA', 14),
(391, '4545506410', 'LUANA MARTINS PACHECO', 14),
(392, '4546546873', 'LUIZ FILIPE EUFRASIO MACHADO', 14),
(393, '4546113020', 'LUIZ GUSTAVO MACHADO CARDOSO', 14),
(394, '4552056980', 'MARIA CLARA DA SILVA COLOMBO', 14),
(395, '4545298434', 'MARIA CLARA SERAFIM', 14),
(396, '4546055799', 'MARIA EDUARDA MOTTA ROQUE', 14),
(397, '4552410775', 'MARIA LAURA DAGOSTIM BALSAN', 14),
(398, '4540576266', 'MATEUS THOMAZ PAGANINI', 14),
(399, '4552312994', 'MELANY FELISBERTO SANTOS', 14),
(400, '4552157085', 'NATHAN JOAQUIM MARQUES', 14),
(401, '4552630180', 'QUEISE MARIANE ZEFERINA DA SILVA', 14),
(402, '4552986898', 'RAFAELA KARLA CORREA FREITAS FERNANDES', 14),
(403, '4547529077', 'REBÉCA DOS SANTOS XAVIER', 14),
(404, '4546950038', 'RENATO AUGUSTO LOPES MACHADO', 14),
(405, '4546947789', 'SAMILE ALVES SORATO', 14),
(406, '4541288841', 'STEPHANIE BETTIOL', 14),
(407, '4546656890', 'TAINARA FERNANDES DAGOSTIM', 14),
(408, '4552295119', 'TALITA DA SILVA STACOSKI', 14),
(409, '4552156429', 'VICTOR HUGO CONSTANTINO DA LUZ', 14),
(410, '4552176624', 'VITOR GABRIEL DE OLIVEIRA CAMPOS', 14),
(411, '4541262893', 'VITORIA RODRIGUES SANTIAGO', 14),
(413, '4549078307', 'ALYSON SEMPREBON MEDEIROS', 15),
(414, '4544832780', 'AMANDA MEDEIROS PEREIRA', 15),
(415, '4542644161', 'ANA CAROLINA LIMA DA SILVA', 15),
(416, '4549076517', 'ANA JULIA SILVA BERTI', 15),
(417, '4549071574', 'ANA JULIA VIEIRA LIDORIO', 15),
(418, '4549071868', 'ARTHUR BAGIO COELHO', 15),
(419, '4542709204', 'BETHINA EUZEBIO FREITAS', 15),
(420, '4543088157', 'BIBIAN PEREIRA FERNANDES', 15),
(421, '4501408080', 'CAMILE DUARTE VALNIER', 15),
(422, '4500527558', 'CAROLINE VIEIRA DA CUNHA', 15),
(423, '4541457678', 'DEBORA NICOLE BRAGA CORREA', 15),
(424, '4543711911', 'DIOGO HENRIQUE GONÇALVES PECCINI', 15),
(425, '4501279264', 'EMILI SANTIAGO FLORIANO', 15),
(426, '4549074611', 'GABRIEL CUSTÓDIO FERNANDES', 15),
(427, '4500964834', 'GABRIEL HAWERROTH FERREIRA', 15),
(428, '4544744376', 'GABRIELA PERARO DE SOUZA', 15),
(429, '4549075235', 'GIOVANA SORATTO AVILA', 15),
(430, '4541660368', 'HELEM AGUIAR MACHADO', 15),
(431, '4546795008', 'HELOISA NOVAK DE SOUZA', 15),
(432, '4549087420', 'IASMIM VARGAS MARIA', 15),
(433, '4544206145', 'ISADORA BARRIQUEL FERNANDES', 15),
(434, '4549074093', 'JHEMILI TEIXEIRA RODRIGUES', 15),
(435, '4548686192', 'JHENIFER AMARO DOS SANTOS', 15),
(436, '4549072651', 'JULIA DAMACENO MONTINI', 15),
(437, '4501380330', 'JULIO MELO CAPAVERDE', 15),
(438, '4549074077', 'LAIS STANGER DA SILVA', 15),
(439, '4541204320', 'LAYS DE BITTENCOURT EUFRASIO', 15),
(440, '4549073003', 'LUCIELI SABRINA DE MELO PERRARO', 15),
(441, '4501101031', 'MARIA EDUARDA FERREIRA DAROS', 15),
(442, '4549072090', 'MARIA JULIA DO NASCIMENTO DE OLIVEIRA', 15),
(443, '4549073038', 'NATALIA MONTEIRO COLOMBO', 15),
(444, '4541458283', 'NATALIA VICENTE DE STEFANI', 15),
(445, '4541282924', 'NICOLE BETTIOL', 15),
(446, '4544724790', 'NICOLE MEZZARI COELHO', 15),
(447, '4549087357', 'OTAVIO ADEMAR MANARIM', 15),
(448, '4544298058', 'PAMELA DE SOUZA GENOVEVA', 15),
(449, '4549073895', 'PEDRO DOS SANTOS GOMES', 15),
(450, '4544583445', 'RAFAEL MARTINS ALVES', 15),
(451, '4544297175', 'RAFAELA DAROS ROQUE', 15),
(452, '4500528066', 'ROBERT RODRIGUES NUNES', 15),
(453, '4549073658', 'SHERON ROUSE DE BORBA DA SILVA', 15),
(454, '4541606592', 'TAIANE DE LARIA ALANO', 15),
(455, '4546935845', 'VICTORIA ANTUNES DE ANDRADE', 15),
(457, '4549071205', 'ALISSON MOTTA GUERREIRO', 16),
(458, '4549071396', 'AMANDA VENANCIO SABINO', 16),
(459, '4500577938', 'ANA LUIZA VASSOLER DE SOUZA', 16),
(460, '4549084269', 'CLARICE DA SILVA GALANT', 16),
(461, '4549418370', 'CRISTIAN DOS SANTOS FERREIRA', 16),
(462, '4544286742', 'DANDARA SOARES FERREIRA', 16),
(463, '4549078331', 'DAVI RICARDO DA ROSA FORTUNATO', 16),
(464, '4544303752', 'ELOISA CARMINATTI PIZZOLO', 16),
(465, '4549091125', 'ELTON MUNIZ DE SOUZA', 16),
(466, '1001533230', 'EVERTON CAETANO CARARA', 16),
(467, '4549087381', 'FERNANDA DE FARIAS STANO', 16),
(468, '4549087470', 'GABRIELE DA SILVA PEREIRA', 16),
(469, '4549084137', 'GUILHERME MACHADO ALANO', 16),
(470, '4540741208', 'IASMYN BENTO DOS SANTOS', 16),
(471, '4549078390', 'ISABELA ROMANCINI RONCUNI', 16),
(472, '4549074450', 'ISABELI WIGGERS SILVA', 16),
(473, '4549074042', 'ISABELLI BUSSOLO MARANGONI', 16),
(474, '4544304023', 'ISADORA CARMINATTI PIZZOLO', 16),
(475, '4544422980', 'JAYSLA VIEIRA CAETANO GONCALVES', 16),
(476, '4549098430', 'JOAO PEDRO ALANO MANENTI', 16),
(477, '4549077416', 'JOAO VICTOR DE OLIVEIRA INACIO', 16),
(478, '4500523285', 'JOAO VITOR BITTENCOURT MARTINS', 16),
(479, '4549074034', 'JULIA DE SOUZA VIANA', 16),
(480, '4548486720', 'LARA BITENCOURT STEFANIAK', 16),
(481, '4549290942', 'LARISSA LOURENÇO SOUZA', 16),
(482, '4543623109', 'LAURA VITORIA RONCHI', 16),
(483, '4544216108', 'LUCAS FERNANDES PEREIRA', 16),
(484, '4541483776', 'LUIZ GABRIEL DA SILVA MARTINS', 16),
(485, '4549075170', 'MARIA EDUARDA DE SOUZA COLOMBO', 16),
(486, '4540310720', 'MARIA FERNANDA PEREIRA FERNANDES', 16),
(487, '4549084250', 'MARIA JULIA LINEMBURGER FREITAS', 16),
(488, '4549074018', 'MARLLON PEREIRA RAYCIK', 16),
(489, '4549073879', 'RAFAELA ANSELMO FELICIANO', 16),
(490, '4500463320', 'RUAN DE SOUZA RODRIGUES', 16),
(491, '4549073917', 'SABRINA GONÇALVES BITENCOURT', 16),
(492, '4549073518', 'SAMANTA PIANEZZER DOS SANTOS', 16),
(493, '4543584650', 'SAMUEL DE SOUZA TEIXEIRA', 16),
(494, '4549073950', 'SISSI DE BRIDA GOMES', 16),
(495, '4544812690', 'STEFANI BAESSO TEODORO', 16),
(496, '4549073925', 'THAUANY RODRIGUES RONCHI', 16),
(497, '4544719339', 'TIAGO LIMAS DOS SANTOS', 16),
(498, '4549073984', 'VÍCTOR ALEXANDRE VIEIRA DA LUZ', 16),
(499, '?	4546583175', 'VÍTOR BOTOM?', 16),
(500, '4549071450', 'ANA CLARA CLAUDINO DA SILVA', 17),
(501, '4541688599', 'ANA TRICIA ALVES CASTRO', 17),
(502, '4549071639', 'ANDRIELI BARBOSA QUINTINO', 17),
(503, '4549071736', 'ANE COELHO CARDOSO', 17),
(504, '4549071914', 'BEATRIZ CAMPOS IZIDORO', 17),
(505, '4544731347', 'BEATRIZ SACOMAM FAGUNDES', 17),
(506, '4544751372', 'BRUNA FRESE', 17),
(507, '4549071973', 'CARLOS JOAQUIM SERAFIM', 17),
(511, '4546650093', 'GRAZIELA FERNANDA KIRSCH', 17),
(512, '4549072775', 'GUSTAVO PACHECO MILITÃO', 17),
(513, '4549074476', 'ISABELA AGUIAR DA SILVA', 17),
(514, '4549074468', 'IZABELE MENDES FERNANDES', 17),
(515, '4544720884', 'JOAO PEDRO DE REZENDE SILVA', 17),
(516, '4546011627', 'JULIA HORN GOULARTE DE OLIVEIRA', 17),
(519, '4501028768', 'KEILA VIOLA MARQUES', 17),
(521, '4548821103', 'LARISSA COPINSKI NIELSON', 17),
(522, '4544527219', 'LARISSA DE MORAES TALGATTI', 17),
(523, '4549073020', 'LARISSA EMIDIO DE MATTOS', 17),
(525, '1000034507', 'LUIZ HENRIQUE PINTO DIAS', 17),
(526, '4549071671', 'MANUELA MANARIN DE SOUZA', 17),
(527, '4549091192', 'MARIA EDUARDA CARDOSO TRISTAO', 17),
(529, '4549072120', 'MARIA LETICIA VALVASSORI MARTINS', 17),
(530, '4549073992', 'MARIA LUIZA RAICHASKI DE QUADRA', 17),
(531, '4544840456', 'MARIA LUIZA RODRIGUES ROCHA', 17),
(534, '4548270174', 'NICOLAS TEIXEIRA FERNANDES', 17),
(535, '4501075430', 'NICOLY MARQUES MACHADO', 17),
(537, '4549073860', 'RAMIRO ROSSO LOPES', 17),
(538, '4547782627', 'REBECA BEATRIZ ANTUNES DE SOUZA', 17),
(551, '4549074689', 'FELIPE MARTINS DE SOUZA', 17),
(552, '4541871954', 'GABRIEL PAVANATI BITTENCOURT', 17),
(553, '4549072848', 'GABRIELE MIRANDA COSTA', 17),
(560, '4549087535', 'JULIA PAES BENEDET', 17),
(561, '4544576783', 'JULIAN FERNANDES EVARISTO', 17),
(563, '4549087560', 'KESLEI CONCEIÇÃO DA SILVA', 17),
(567, '4549645090', 'LUAN VICTOR NUNES DA COSTA', 17),
(571, '4500710832', 'MARIA EDUARDA DEMO NETO', 17),
(575, '4501306059', 'MILENA INACIO ROSA', 17),
(576, '4549073046', 'MONIKE GEBING TASCA', 17),
(579, '4500957978', 'RAFAELA ROSENTHAL RIBEIRO', 17),
(582, '4549073909', 'SAMUEL QUERINO DOS SANTOS', 17),
(583, '4549084889', 'SUELEN ARCENIO DA ROSA', 17),
(584, '4500683053', 'VITOR GABRIEL GRACIANO DA SILVA', 17),
(585, 'I	4549073976', 'VITORIA DA BOIT MAFE', 17);

-- --------------------------------------------------------

--
-- Estrutura para tabela `atrasos`
--

CREATE TABLE `atrasos` (
  `id` int(11) NOT NULL,
  `codaluno` int(11) NOT NULL,
  `data_atraso` date NOT NULL,
  `motivo` text NOT NULL,
  `hora_atraso` time DEFAULT NULL,
  `qtd_atraso` int(3) DEFAULT NULL
) ENGINE=InnoDB DEFAULT CHARSET=utf8mb4 COLLATE=utf8mb4_general_ci;

--
-- Despejando dados para a tabela `atrasos`
--

INSERT INTO `atrasos` (`id`, `codaluno`, `data_atraso`, `motivo`, `hora_atraso`, `qtd_atraso`) VALUES
(1, 2, '2023-11-06', 'Teste de motivo', '19:56:07', 1),
(2, 30, '2023-11-07', 'Teste', '20:16:30', 2),
(3, 244, '2023-11-07', 'Teste de atraso', '20:51:03', 3),
(4, 27, '2023-11-07', 'Fumando um breu', '13:24:55', 1),
(5, 2, '2023-11-07', 'Orando abencoadinha!!!!', '13:25:54', 2),
(87, 207, '2023-11-24', '\'', '21:52:13', NULL),
(88, 207, '2023-11-24', '2', '18:14:42', NULL),
(89, 207, '2023-11-25', 'Perdeu o onibus', '20:34:18', NULL),
(91, 207, '2023-11-25', '3', '20:39:39', NULL);

-- --------------------------------------------------------

--
-- Estrutura para tabela `cursos`
--

CREATE TABLE `cursos` (
  `id_curso` int(11) NOT NULL,
  `num_curso` int(20) NOT NULL,
  `nome_curso` varchar(50) NOT NULL
) ENGINE=InnoDB DEFAULT CHARSET=utf8mb4 COLLATE=utf8mb4_general_ci;

--
-- Despejando dados para a tabela `cursos`
--

INSERT INTO `cursos` (`id_curso`, `num_curso`, `nome_curso`) VALUES
(1, 251, 'Informática'),
(2, 252, 'Informática'),
(3, 253, 'Informática'),
(4, 254, 'Informática'),
(5, 351, 'Informática'),
(6, 352, 'Informática'),
(7, 353, 'Informática'),
(8, 354, 'Informática'),
(9, 151, 'Informática'),
(10, 152, 'Informática'),
(11, 153, 'Informática'),
(12, 111, 'Administração'),
(13, 112, 'Administração'),
(14, 113, 'Administração'),
(15, 311, 'Administração'),
(16, 312, 'Administração'),
(17, 313, 'Administração');

-- --------------------------------------------------------

--
-- Estrutura para tabela `usuarios`
--

CREATE TABLE `usuarios` (
  `id_usuario` int(11) NOT NULL,
  `nome_usuario` varchar(200) NOT NULL,
  `mail_usuario` varchar(150) NOT NULL,
  `senha_usuario` varchar(60) NOT NULL,
  `nivel_usuario` int(2) NOT NULL,
  `status` varchar(50) NOT NULL
) ENGINE=InnoDB DEFAULT CHARSET=utf8mb4 COLLATE=utf8mb4_general_ci;

--
-- Despejando dados para a tabela `usuarios`
--

INSERT INTO `usuarios` (`id_usuario`, `nome_usuario`, `mail_usuario`, `senha_usuario`, `nivel_usuario`, `status`) VALUES
(26, 'administrador', 'admin@gmail.com', '81dc9bdb52d04dc20036dbd8313ed055', 1, 'Ativo'),
(27, 'Carmela', 'carmela@gmail.com', '81dc9bdb52d04dc20036dbd8313ed055', 1, 'Ativo'),
(28, 'Zoraide', 'zo@gmail.com', '81dc9bdb52d04dc20036dbd8313ed055', 0, 'Inativo');

--
-- Índices para tabelas despejadas
--

--
-- Índices de tabela `alunos`
--
ALTER TABLE `alunos`
  ADD PRIMARY KEY (`id_aluno`),
  ADD KEY `cursoaluno` (`cursoaluno`);

--
-- Índices de tabela `atrasos`
--
ALTER TABLE `atrasos`
  ADD PRIMARY KEY (`id`),
  ADD KEY `codaluno` (`codaluno`);

--
-- Índices de tabela `cursos`
--
ALTER TABLE `cursos`
  ADD PRIMARY KEY (`id_curso`);

--
-- Índices de tabela `usuarios`
--
ALTER TABLE `usuarios`
  ADD PRIMARY KEY (`id_usuario`);

--
-- AUTO_INCREMENT para tabelas despejadas
--

--
-- AUTO_INCREMENT de tabela `alunos`
--
ALTER TABLE `alunos`
  MODIFY `id_aluno` int(11) NOT NULL AUTO_INCREMENT, AUTO_INCREMENT=586;

--
-- AUTO_INCREMENT de tabela `atrasos`
--
ALTER TABLE `atrasos`
  MODIFY `id` int(11) NOT NULL AUTO_INCREMENT, AUTO_INCREMENT=92;

--
-- AUTO_INCREMENT de tabela `cursos`
--
ALTER TABLE `cursos`
  MODIFY `id_curso` int(11) NOT NULL AUTO_INCREMENT, AUTO_INCREMENT=18;

--
-- AUTO_INCREMENT de tabela `usuarios`
--
ALTER TABLE `usuarios`
  MODIFY `id_usuario` int(11) NOT NULL AUTO_INCREMENT, AUTO_INCREMENT=29;

--
-- Restrições para tabelas despejadas
--

--
-- Restrições para tabelas `alunos`
--
ALTER TABLE `alunos`
  ADD CONSTRAINT `alunos_ibfk_1` FOREIGN KEY (`cursoaluno`) REFERENCES `cursos` (`id_curso`);

--
-- Restrições para tabelas `atrasos`
--
ALTER TABLE `atrasos`
  ADD CONSTRAINT `atrasos_ibfk_1` FOREIGN KEY (`codaluno`) REFERENCES `alunos` (`id_aluno`);
COMMIT;

/*!40101 SET CHARACTER_SET_CLIENT=@OLD_CHARACTER_SET_CLIENT */;
/*!40101 SET CHARACTER_SET_RESULTS=@OLD_CHARACTER_SET_RESULTS */;
/*!40101 SET COLLATION_CONNECTION=@OLD_COLLATION_CONNECTION */;
